input_lang,output_lang
Which river does the Brooklyn Bridge cross?,Welke rivier overspant de Brooklyn Bridge?
Give me the websites of companies with more than 500000 employees.,Geef me de websites van alle ondernemingen met meer dan 500000 werknemers.
What is the official website of Tom Cruise?,Wat is de officiële website van Tom Cruise?
Give me all movies with Tom Cruise.,Noem alle films met Tom Cruise.
Who created Wikipedia?,Wie heeft Wikipedia opgericht?
How many films did Hal Roach produce?,Hoeveel films heeft Hal Roach geproduceerd?
In which country does the Nile start?,In welk land ontspringt de Nijl?
Which states of Germany are governed by the Social Democratic Party?,In welke Duitse deelstaten is de SPD aan de macht?
How tall is Claudia Schiffer?,Hoe lang is Claudia Schiffer?
Which television shows were created by Walt Disney?,Welke televisieseries werden bedacht door Walt Disney?
What is the highest place of Karakoram?,Wat is het hoogste punt van de Karakoram?
Give me all cities in New Jersey with more than 100000 inhabitants.,Geef alle steden in New Jersey met meer dan 100000 inwoners.
Which actors were born in Germany?,Welke acteurs zijn geboren in Duitsland?
Give me all people with first name Jimmy.,Noem alle personen met de voornaam Jimmy.
Which mountain is the highest after the Annapurna?,Welke berg is na de Annapurna de hoogste berg?
How often was Michael Jordan divorced?,Hoe vaak is Michael Jackson gescheiden?
Who designed the Brooklyn Bridge?,Wie ontwierp de Brooklyn Bridge?
Which classis do tree frogs belong to?,Tot welke klasse behoren boomkikkers?
Was Natalie Portman born in the United States?,Werd Natalie Portman geboren in de Verenigde Staten?
Which countries have more than two official languages?,Welke landen hebben meer dan twee officiële talen?
When did Latvia join the EU?,Wanneer trad Letland toe tot de EU?
Who created Goofy?,Wie bedacht Goofy?
Give me all soccer clubs in Spain.,Noem alle Spaanse voetbalclubs.
Who is the mayor of New York City?,Wie is de burgemeester van New York?
Which organizations were founded in 1950?,Welke organisaties werden opgericht in 1950?
Which presidents were born in 1945?,Welke presidenten werden geboren in 1945?
Through which countries does the Yenisei river flow?,Door welke landen stroomt de Jenisej?
Which museum exhibits The Scream by Munch?,In welk museum hangt De Schreeuw van Munch?
Which budget did the first movie of Zdenek Sverak have?,Welk budget had de eerste film van Zdenek Sverak
Give me the capitals of all countries in Africa.,Noem de hoofdsteden van alle landen in Afrika.
Which states border Illinois?,Welke staten grenzen aan Illinois?
Which countries have places with more than two caves?,Welke landen hebben plaatsen met meer dan twee grotten?
Which European countries have a constitutional monarchy?,Welke Europese landen zijn een constitutionele monarchie?
What is the highest mountain in Australia?,Wat is de hoogste berg van Australië?
Which capitals in Europe were host cities of the summer olympic games?,In welke Europese hoofdsteden waren de Olympische Zomerspelen?
Who was the wife of U.S. president Lincoln?,Wie was de vrouw van de Amerikaanse president Lincoln?
"Which airports are located in California, USA?",Welke vliegvelden liggen in Californië?
Is Christian Bale starring in Batman Begins?,Speelt Christian Bale in Batman Begins?
In which programming language is GIMP written?,In welke programmeertaal is GIMP geschreven?
In which country is the Limerick Lake?,In welk land ligt Limerick Lake?
Which monarchs of the United Kingdom were married to a German?,Welke monarchen van het Verenigd Koninkrijk waren getrouwd met een Duitser?
Give me all female German chancellors.,Geef me alle vrouwelijke Duitse bondskanseliers.
Give me all video games published by Mean Hamster Software.,Geef me alle videogames van Mean Hamster Software.
Who produced films starring Natalie Portman?,Wie produceerde films waarin Natalie Portman speelde?
In which films did Julia Roberts as well as Richard Gere play?,In welke films speelden zowel Julia Roberts als Richard Gere?
How many films did Leonardo DiCaprio star in?,In hoeveel films speelde Leonardo DiCaprio?
Give me all school types.,Noem alle schooltypes.
Give me the birthdays of all actors of the television show Charmed.,Noem de verjaardag van alle acteurs uit de televisieserie Charmed.
In which city did John F. Kennedy die?,In welke stad kwam John F. Kennedy om het leven?
How many monarchical countries are there in Europe?,Hoeveel monarchieën zijn er in Europa?
Give me all presidents of the United States.,Noem alle presidenten van de Verenigde Staten.
Who produced the most films?,Wie produceerde de meeste films?
Which languages are spoken in Estonia?,Welke talen worden gesproken in Estland?
Is there a video game called Battle Chess?,Bestaat er een videospel met de naam Battle Chess?
Which mountains are higher than the Nanga Parbat?,Welke bergen zijn hoger dan de Nanga Parbat?
When is the movie Worst Case Scenario going to be in cinemas in the Netherlands?,Wanneer komt de film Worst Case Scenario in Nederland in de bioscoop?
Is Jens Friebe a vegan?,Is Jens Friebe vegetariër?
Which telecommunications organizations are located in Belgium?,Welke telecom-bedrijven zijn gevestigd in België?
Which companies work in the aerospace industry as well as on nuclear reactor technology?,Welke bedrijven zijn zowel actief in de ruimtevaartindustrie als in de nucleaire industrie?
Which state of the USA has the highest population density?,Welke deelstaat van de Verenigde Staten heeft de hoogste bevolkingsdichtheid?
Is the wife of president Obama called Michelle?,Heet de echtgenote van president Barack Obama Michelle?
What is the highest mountain?,Wat is de hoogste berg?
Give me all Canadian Grunge record labels.,Noem alle Canadese grunge-platenlabels.
What is the currency of the Czech Republic?,Wat is de munteenheid van Tsjechië?
Give me all books written by Danielle Steel.,Noem alle boeken van Danielle Steel.
In which films directed by Garry Marshall was Julia Roberts starring?,In welke films die werden geregisseerd door Garry Marshall speelde Julia Roberts?
Who developed the video game World of Warcraft?,Wie heeft het videospel World of Warcraft ontwikkeld?
Who owns Aldi?,Wie is de eigenaar van Aldi?
How many employees does IBM have?,Hoeveel medewerkers heeft IBM?
What is the area code of Berlin?,Wat is het kengetal van Berlijn?
When was the Battle of Gettysburg?,Wanneer was de Slag bij Gettysburg?
What are the official languages of the Philippines?,Wat zijn de  officiële talen van de Filippijnen?
Is Frank Herbert still alive?,Leeft Frank Herbert nog?
How many big fires struck Paris during the Middle Ages?,Hoeveel grote branden troffen Parijs in de Middeleeuwen?
Who wrote the book Les Piliers de la terre?,Wie schreef het boek De Pilaren van de Aarde?
Give me the homepage of Forbes.,Geef de homepage van Forbes.
Is proinsulin a protein?,Is proinsuline een proteïne?
Which awards did WikiLeaks win?,Welke prijzen heeft WikiLeaks gewonnen?
List all episodes of the first season of the HBO television series The Sopranos!,Noem alle afleveringen van het eerste seizoen van de HBO-serie The Sopranos.
Which country has the most official languages?,Welk land heeft de meeste officiële talen.
Which U.S. states possess gold minerals?,In welke deelstaat van de Verenigde Staten komt goud voor?
What is the most beautiful painting?,Wat is het mooiste schilderij?
Who is the daughter of Ingrid Bergman married to?,Met wie is de dochter van Ingrid Bergman getrouwd?
Is Egypts largest city also its capital?,Is de grootste stad van Egypte ook de hoofdstad?
Which caves have more than 3 entrances?,Welke grotten hebben meer dan drie ingangen?
Give me all films produced by Hal Roach.,Noem alle films die zijn geproduceerd door Hal Roach.
Which bridges are of the same type as the Manhattan Bridge?,Welke bruggen zijn van hetzelfde type als de Manhattan Bridge?
Was U.S. president Jackson involved in a war?,Was president Jackson van de Verenigde Staten betrokken bij een oorlog?
Which software has been developed by organizations founded in California?,Welke software is ontwikkeld door bedrijven opgericht in Californië?
Who has been the 5th president of the United States of America?,Wie was de vijfde president van de Verenigde Staten?
Which music albums contain the song Last Christmas?,Op welke muziekalbums staat het nummer Last Christmas?
Give me all female Russian astronauts.,Geef alle vrouwelijke Russische astronauten.
Give me all actors starring in Last Action Hero.,Noem alle acteurs uit de film Last Action Hero.
Give me all companies in the advertising industry.,Noem alle bedrijven die in de reclamebranche actief zijn.
Give me all animal species that live in the Teutoburg Forest.,Noem alle diersoorten die leven in het Teutoburgerwoud.
Which countries in the European Union adopted the Euro?,Welke landen in de Europese Unie hebben de Euro geïntroduceerd?
When was Capcom founded?,Wanneer werd Capcom opgericht?
Give me all soccer clubs in the Premier League.,Noem alle clubs uit de Premier League.
Who is the owner of Universal Studios?,Wie is de eigenaar van Universal Studios?
What did Bruce Carver die from?,Waaraan overleed Bruce Carver?
How often did Jane Fonda marry?,Hoe vaak is Jane Fonda getrouwd?
Which books by Kerouac were published by Viking Press?,Welke boeken van Jack Kerouac werden uitgegeven door Viking Press?
Which U.S. state has the highest population density?,Welke deelstaat van de Verenigde Staten heeft de hoogste bevolkingsdichtheid?
What is the founding year of the brewery that produces Pilsner Urquell?,Wanneer werd de brouwerij opgericht die Pilsner Urquell produceert?
Give me all federal chancellors of Germany.,Noem alle Duitse bondskanseliers.
In which U.S. state is Mount McKinley located?,In welke deelstaat van de Verenigde Staten is Mount McKinley gelegen?
When was the Statue of Liberty built?,Wanneer werd het Vrijheidsbeeld gebouwd?
Give me all people that were born in Vienna and died in Berlin.,Noem alle personen die geboren zijn in Wenen en gestorven zijn in Berlijn.
How tall is Michael Jordan?,Hoe lang is Michael Jordan?
What is the total amount of men and women serving in the FDNY?,Wat is het totale aantal vrouwen en mannen dat werkt bij de brandweer van New York?
Give me all breeds of the German Shepherd dog.,Noem alle soorten Duitse herders.
What is the official language of Suriname?,Wat is de officiële taal van Suriname?
Who composed the music for Harold and Maude?,Wie componeerde de muziek voor Harold and Maude
In which city was the former Dutch queen Juliana buried?,In welke stad is de voormalige Nederlandse koningin Juliana bijgezet?
Who wrote the book The Pillars of the Earth?,Wie schreef het boek De Pilaren van de Aarde?
What are the nicknames of San Francisco?,Wat zijn bijnamen van San Francisco?
Which companies work in the aerospace industry as well as in medicine?,Welke bedrijven zijn zowel actief in de ruimtevaartindustrie als in de geneeskunde?
Are tree frogs a type of amphibian?,Zijn boomkikkers een soort amfibie?
What were the main discoveries of the Mars rover Curiosity?,Wat zijn de meest belangrijke ontdekkingen van de Mars rover Curiosity?
Where is the residence of the prime minister of Spain?,Waar woont de premier van Spanje?
Which countries have more than ten caves?,Welke landen hebben meer dan tien grotten?
Give me all sister cities of Brno.,Geef alle zustersteden van Brno.
Which other weapons did the designer of the Uzi develop?,Welke andere wapens heeft de uitvinder van de Uzi ontwikkeld?
Which countries adopted the Euro?,Welke landen hebben de Euro geïntroduceerd?
Which country does the creator of Miffy come from?,Uit welk land komt de bedenker van Nijntje?
Give me all female given names.,Geef me alle vrouwelijke voornaamen.
Was Margaret Thatcher a chemist?,Was Margaret Thatcher een chemicus?
Which German cities have more than 250000 inhabitants?,Welke Duitse steden hebben meer dan 250000 inwoners?
Was Marc Chagall a jew?,Was Marc Chagall joods?
How many Aldi stores are there?,Hoeveel Aldi winkels zijn er?
What is the capital of Canada?,Wat is de hoofdstad van Canada?
What is the average temperature on Hawaii?,Wat is de gemiddelde temperatuur op Hawaii?
In which U.S. state is Fort Knox located?,In welke staat van de Verenigde Staten ligt Fort Knox?
For which label did Elvis record his first album?,Bij welk platenlabel verscheen het eerste album van Elvis Presley?
Do Prince Harry and Prince William have the same mother?,Hebben prins Harry en prins William dezelfde moeder?
In which military conflicts did Lawrence of Arabia participate?,Bij welke militaire conflicten was Lawrence of Arabia betrokken?
Who invented the zipper?,Wie heeft de ritssluiting uitgevonden?
Which U.S. states are in the same time zone as Utah?,Welke staten van de Verenigde Staten liggen in dezelfde tijdzone als Utah?
Give me all islands that belong to Japan.,Geef alle eilanden die behoren tot Japan.
Who was the first president of the United States?,Wie was de eerste president van de Verenigde Staten?
Who developed Minecraft?,Wie ontwikkelde Minecraft?
Which Chess players died in the same place they were born in?,Welke schakers stierven in hun geboorteplaats?
How many space missions have there been?,Hoeveel ruimtereizen zijn er geweest?
Give me all cars that are produced in Germany.,Geef alle auto's die in Duitsland gemaakt worden.
How many children did Benjamin Franklin have?,Hoeveel kinderen had Benjamin Franklin?
Is Michelle Obama the wife of Barack Obama?,Is Michelle Obama de vrouw van Barack Obama?
Give me all actors starring in movies directed by William Shatner.,Geef alle acteurs van films waar William Shatner de regie van voerde.
List the children of Margaret Thatcher.,Noem alle kinderen van Margaret Thatcher.
Which professional surfers were born in Australia?,Welke professionele surfers werden geboren in Australië?
Who is the editor of Forbes?,Wie is de uitgever van Forbes.
Who is the youngest player in the Premier League?,Wie is de jongste speler in de Premier League?
What is the second highest mountain on Earth?,Wat is de op één na hoogste berg ter wereld?
Give me all books by William Goldman with more than 300 pages.,Geef alle boeken van William Goldman met meer dan 300 pagina's.
Give me all Danish films.,Noem alle Deense films.
What is the largest city in Australia?,Wat is de grootste stad van Australië?
Who painted The Storm on the Sea of Galilee?,Wie schilderde Christus in de storm op het meer van Galilea?
Give me all launch pads operated by NASA.,Noem alle lanceerplatformen van de NASA.
Who wrote the lyrics for the Polish national anthem?,Wie schreef het Poolse volkslied?
Who created the comic Captain America?,Wie schreef het stripverhaal Captain America?
Who was the father of Queen Elizabeth II?,Wie was de vader van koningin Elizabeth II?
Which U.S. state has the abbreviation MN?,Welke staat van de Verenigde Staten heeft de afkorting MN?
Which movies did Kurosawa direct after Rashomon?,Welke films heeft Kurosawa geregisseerd na Rashomon?
List all episodes of the first season of the HBO television series The Sopranos.,Noem alle afleveringen van het eerste seizoen van de HBO-serie The Sopranos.
Give me a list of all American inventions.,Geef een lijst van alle Amerikaanse uitvindingen.
Which films starring Clint Eastwood did he direct himself?,"Welke films waarin Clint Eastwood speelde, werden ook door hem geregisseerd?"
Who are the parents of the wife of Juan Carlos I?,Hoe heten de ouders van de vrouw van Juan Carlos I?
What is the birth name of Angela Merkel?,Wat is de meisjesnaam van Angela Merkel?
In which UK city are the headquarters of the MI6?,In welke Britse stad is het hoofdkwartier van MI6 gevestigd?
What is the longest river?,Wat is de langste rivier?
Did Socrates influence Aristotle?,Beïnvloedde Socrates Aristoteles?
Who was called Scarface?,Wie werd er Scarface genoemd?
Is Christian Bale starring in Velvet Goldmine?,Speelt Christian Bale in Velvet Goldmine?
What is the time zone of Salt Lake City?,In welke tijdzone ligt Salt Lake City?
List all games by GMT.,Noem alle spelen van GMT.
Which organizations were founded in 1930?,Welke organisaties werden opgericht in 1930?
To which countries does the Himalayan mountain system extend?,Over welke landen strekt de Himalaya zich uit?
When was Alberta admitted as province?,Wanneer werd de provincie Alberta gesticht?
Which countries are connected by the Rhine?,Welke landen worden door de Rijn verbonden?
Give me all cosmonauts.,Geef alle kosmonauten.
Who is the mayor of Tel Aviv?,Wie is de burgemeester van Tel Aviv?
Which ships were called after Benjamin Franklin?,Welke schepen zijn genoemd naar Benjamin Franklin?
Who is the husband of Amanda Palmer?,Wie is de echtgenoot van Amanda Palmer?
How many employees does Google have?,Hoeveel werknemers heeft Google?
Does Breaking Bad have more episodes than Game of Thrones?,Heeft Breaking Bad meer afleveringen dan Game of Thrones?
Give me a list of all bandleaders that play trumpet.,Geef me een lijst van alle bandleider die trompet spelen.
When did Michael Jackson die?,Wanneer overleed Michael Jackson?
How many languages are spoken in Turkmenistan?,Hoeveel talen worden er gesproken in Turkmenistan?
How many inhabitants does Maribor have?,Hoeveel inwoners heeft Maribor?
Give me a list of all lakes in Denmark.,Noem alle meren in Denemarken.
Which Greek goddesses dwelt on Mount Olympus?,Welke Griekse godinnen woonden op de Olympus?
How high is the Mount Everest?,Hoe hoog is de Mount Everest?
Give me all communist countries.,Geef alle communistische landen.
Which instruments does Cat Stevens play?,Welke instrumenten speeld Cat Stevens?
Sean Parnell is the governor of which U.S. state?,Sean Parnell is de gouverneur van welke staat van de Verenigde Staten?
Did Tesla win a nobel prize in physics?,Heeft Tesla ooit de Nobelprijs voor de Natuurkunde gewonnen?
Who is the governor of Wyoming?,Wie is de gouverneur van Wyoming?
When were the Hells Angels founded?,Wanneer zijn de Hells Angels opgericht?
Give me all libraries established earlier than 1400.,Geef me alle bibliotheken die voor 1400 werden opgericht.
How many countries are there in Europe?,Hoeveel landen zijn er in Europa?
Who is the mayor of Berlin?,Wie is de burgemeester van Berlijn?
How many people live in the capital of Australia?,Hoeveel mensen wonen er in de hoofdstad van Australië?
Who founded Intel?,Wie is de oprichter van Intel?
Give me all B-sides of the Ramones.,Geef alle B-kantjes van singles van de Ramones.
Give me all Apollo 14 astronauts.,Geef de astronauten van Apollo 14.
Give me all world heritage sites designated within the past two years.,Noem alle plaatsen op de Werelderfgoedlijst die in de laatste twee jaar zijn toegevoegd.
Which cities does the Weser flow through?,Door welke steden loopt de Weser?
Give me all movies directed by Francis Ford Coppola.,Geef alle films die werden geregisseerd door Francis Ford Coppola.
What is the ruling party in Lisbon?,Welke partij is aan de macht in Lissabon?
Who produces Orangina?,Wie is de producent van Orangina?
Give me all companies in Munich.,Noem alle bedrijven in München.
What is the melting point of copper?,Wat is het smeltpunt van koper?
Was the Cuban Missile Crisis earlier than the Bay of Pigs Invasion?,Was de Cubacrisis eerder dan de invasie in de Varkensbaai?
Who was John F. Kennedy's vice president?,Wie was de vicepresident onder John F. Kennedy?
Who is the Formula 1 race driver with the most races?,Wie is de Formule 1-coureur met de meeste races op zijn naam?
Which U.S. state has been admitted latest?,Welke staat van de Verenigde Staten is als laatste toegetreden?
Give me all Methodist politicians.,Geef alle politici die methodist zijn.
What is the highest place of the Urals?,Wat is het hoogste punt van de Oeral?
Which monarchs were married to a German?,Welke monarchen waren getrouwd met een Duitser?
Show me all songs from Bruce Springsteen released between 1980 and 1990.,Geef alle songs van Bruce Springsteen die werden uitgebracht tussen 1980 en 1990.
Give me all professional skateboarders from Sweden.,Noem alle professionele skateboarders uit Zweden.
Give me all members of Prodigy.,Noem alle leden van Prodigy.
How many students does the Free University in Amsterdam have?,Hoeveel studenten heeft de Vrije Universiteit in Amsterdam?
Give me all Australian nonprofit organizations.,Noem alle Australische organisaties zonder winstoogmerk.
In which country does the Ganges start?,In welk land ontspringt de Ganges?
Do Prince Harry and Prince William have the same parents?,Hebben prins Harry en prins William dezelfde ouders?
How many missions does the Soyuz programme have?,Hoeveel missies zijn er in het Soyuz programma?
Give me all Danish movies.,Noem alle Deense films.
Is Rita Wilson the wife of Tom Hanks?,Is Rita Wilson de vrouw van Tom Hanks?
Who was called Frank The Tank?,Wie werd er Frank The Tank genoemd?
Which movies did Kurosawa direct?,Welke films heeft Kurosawa geregisseerd?
Which television shows were created by John Cleese?,Welke televisieseries werden bedacht door John Cleese?
Which awards did Douglas Hofstadter win?,Welke prijzen heeft Douglas Hofstadter gewonnen?
Who is the daughter of Robert Kennedy married to?,Met wie is de dochter van Robert Kennedy getrouwd?
Who is the owner of Rolls-Royce?,Wie is de eigenaar van Rolls-Royce?
Was the wife of president Lincoln called Mary?,Heette de echtgenote van president Lincoln Mary?
Who was the 16th president of the United States?,Wie was de 16de president van de Verenigde Staten?
Is Pamela Anderson a vegan?,Is Pamela Anderson vegetariër?
Give me all animal species that live in the Amazon rainforest.,Noem alle diersoorten die leven in het Amazoneregenwoud.
How many inhabitants does the largest city in Canada have?,Hoeveel inwoners heeft de grootste stadt in Canada?
In which studio did the Beatles record their first album?,In welke studio hadden de Beatles hun eerste album opgenomen?
Who was the first to climb Mount Everest?,Wie was de eerste die de Mount Everest beklom?
How many programming languages are there?,Hoeveel programmeertalen zijn er?
What is the official color of the University of Oxford?,Wat is de officiële kleur van de universiteit Oxford?
How many gold medals did Michael Phelps win at the 2008 Olympics?,Hoeveel gouden medailles heeft Michael Phelps op de Olympische Spelen van 2008 gewonnen?
To which artistic movement did the painter of The Three Dancers belong?,Tot welke artistieke stijl behoort de schilder van de Drie Dansers?
Give me all animals that are extinct.,Toon alle uitgestorven dieren.
Does Abraham Lincoln's death place have a website?,Heeft de stad waarin Abraham Lincoln is overleden een website?
How deep is Lake Placid?,Hoe diep is Lake Placid?
Give me the grandchildren of Bruce Lee.,Toon alle kleinkinderen van Bruce Lee.
Who is the youngest Darts player?,Wie is de jongste dartsspeler?
Where was Bach born?,Waar was Bach geboren?
In which countries can you pay using the West African CFA franc?,In welke landen kan je met de Westafrikaanse CFA-frank betalen?
What are the top-10 action role-playing video games according to IGN?,Wat zijn de top-10 actie role-playing computerspellen volgens IGN?
What is the most frequent cause of death?,Wat is de meest voorkomende doodsoorzaak?
Does the Isar flow into a lake?,Mondt de Isar uit in een meer?
Give me all films produced by Steven Spielberg with a budget of at least $80 million.,Toon alle films die door Steven Spielberg worden geproduceerd en die een budget van minstens 80 miljoen dollar hadden.
Give me all writers that won the Nobel Prize in literature.,Toon alle schrijvers die de Nobelprijs in literatuur hebben gewonnen.
Give me all taikonauts.,Toon alle taikonauten.
How many pages does War and Peace have?,Hoeveel pagina's heeft Oorlog en vrede?
What is the bridge with the longest span?,Wat is de brug met de grootste spanwijdte?
Give me all actors called Baldwin.,Toon alle acteurs die Baldwin heten.
Who is the tallest player of the Atlanta Falcons?,Wie is de langste speler van de Atlanta Falcons?
Which rivers flow into a German lake?,Welke rivieren stromen naar een Duits meer?
How many James Bond movies are there?,Hoeveel James Bond films zijn er?
Which rockets were launched from Baikonur?,Welke raketten werden gestart vanuit Baikonur?
Which pope succeeded John Paul II?,Welke paus volgde Johannes Paul II op?
Give me all Dutch parties.,Toon alle Nederlandse partijen.
When is Halloween?,Wanneer is Halloween?
Give me all Swedish oceanographers.,Toon alle Zweedse oceanograafen.
Give me all actors who were born in Berlin.,Toon alle acteurs die in Berlijn zijn geboren.
What was the last movie with Alec Guinness?,Wat was de laatste film met Alec Guinness?
Which poet wrote the most books?,Welke dichter heeft de meeste boeken geschreven?
How many languages are spoken in Colombia?,Hoeveel talen worden er in Colombia gesproken?
What does IYCM stand for?,Waarvoor staat de afkorting IYCM?
What was Brazil's lowest rank in the FIFA World Ranking?,Wat was de laagste plaatsing van het Braziliaans elftal in de FIFA-wereldranglijst?
Give me the capitals of all countries that the Himalayas run through.,Toon de hoofdsteden van alle landen waardoor de Himalaya loopt.
Which actor played Chewbacca?,Welke acteur heeft Chewbacca gespeeld?
Which ingredients do I need for carrot cake?,Welke ingrediënten heb ik nodig voor worteltaart?
Is Cola a beverage?,Is cola een drank?
Who has Tom Cruise been married to?,Met wie was Tom Cruise getrouwd?
Which of Tim Burton's films had the highest budget?,Welke van Tim Burton's films had het hoogste budget?
How heavy is Jupiter's lightest moon?,Hoe zwaar is de lichtste maan van Jupiter?
Which actor was casted in the most movies?,Welke acteur speelde in de meeste films?
Is James Bond married?,Is James Bond getrouwd?
Give me all Australian metalcore bands.,Toon alle Australisch metalcore bands.
Give me all actors who were born in Paris after 1950.,Toon alle acteurs die na 1950 in Parijs zijn geboren.
When was Carlo Giuliani shot?,Wanneer werd Carlo Giuliani neergeschoten?
Who are the four youngest MVP basketball players?,Wie zijn de vier jongste MVP basketballers?
Which companies have more than 1 million employees?,Welke bedrijven hebben meer dan 1 miljoen werknemers?
Give all swimmers that were born in Moscow.,Toen alle zwemmers die werden geboren in Moskou.
Who was called Rodzilla?,Wie werd Rodzilla genoemd?
Show me the book that Muhammad Ali wrote.,Toen het boek dat Muhammad Ali heeft geschreven.
How many museums does Paris have?,Hoeveel museas heeft Parijs?
Which city has the most inhabitants?,Welke stad heeft de meeste inwoners?
Which city has the least inhabitants?,Welke stad heeft de minste inwoners?
Give me all the TV shows with Neil Patrick Harris.,Toen alle TV programma's met Neil Patrick Harris.
Who wrote The Hunger Games?,Wie heeft De Hongerspelen geschreven?
Show a list of soccer clubs that play in the Bundesliga.,Toen een lijst van voetbalclubs die in de Bundesliga spelen.
What country is Mount Everest in?,In welke land is de Mount Everest?
Who is the founder of Penguin Books?,Wie is de oprichter van Penguin Books?
Which programming languages influenced Javascript?,Welke pogrammeertalen hadden invloed op Javascript?
Did Che Guevara have children?,Had Che Guevara kinderen?
List all the musicals with music by Elton John.,Toen een lijst van alle musicals met muziek van Elton John.
Show me all the breweries in Australia.,Toen alle brouwerijen in Australië.
When was the Titanic completed?,Wanneer was de Titanic afgewerkt?
How much did Pulp Fiction cost?,Howeveel koste Pulp Fiction?
How many airlines are there?,Hoeveel luchtvaartmaatschappijen zijn er?
Who played Agent Smith in Matrix?,Wie speelde Agent Smith in Matrix?
How much carbs does peanut butter have?,Hoeveel koolhydraten heeft pindakaas?
Which book has the most pages?,Welk boek heeft de meeste pagina's?
Which bridges cross the Seine?,Welke bruggen overspannen de Seine?
Who is the mayor of the capital of French Polynesia?,Wie is de burgermeester van de hoofdstad van Frans-Polynesië?
When did Dracula's creator die?,Wanneer stierf de bedenker van Dracula?
What is the location of the Houses of Parliament?,Waar is de Palace of Westminster?
Show me all English Gothic buildings in Kent.,"Toen alle gebouwen in Kent, gebouwd in de stijl van het Engels gotiek."
Who was the pope that founded the Vatican Television?,Welk paus richtte de Vaticaanse televisie op?
What airlines are part of the SkyTeam alliance?,Welke luchtvaartmaatschappijen zijn lid van de SkyTeam alliantie?
"What is the total population of Melbourne, Florida?","Wat is de bevolking van Melbourne, Florida?"
Which airports does Air China serve?,Naar welke luchthavens vliegt Air China?
In which year was Rachel Stevens born?,In welk jaar word Rachel Stevens geboren?
Where was JFK assassinated?,Waar word JFK vermoord?
How many politicians graduated from Columbia University?,Hoeveel politici zijn aan de Columbia University afgestudeerd?
Which scientist is known for the Manhattan Project and the Nobel Peace Prize?,Welke wetenschaper staat bekend om het Manhattan Project en de Nobelprijs voor de Vrede?
What is the highest volcano in Africa?,Wat is de hoogste vulkaan in Afrika?
Which beer originated in Ireland?,Welke bieren komen uit Ierland?
What are the specialities of the UNC Health Care?,Wat zijn de specialiteiten van de UNC Health Care?
Who is the owner of Facebook?,Wie is de eigenaar van Facebook?
From which region is the Melon de Bourgogne?,Vanuit welke regio is de Melon de Bourgogne?
Who was influenced by Socrates?,Wie werd beïnvloed door Socrates?
Who was president of Pakistan in 1978?,Wie was president van Pakistan in 1978?
Give me English actors starring in Lovesick.,Toen Brits acteurs met een rol in Lovesick.
Give me all types of eating disorders.,Toen alle soorten eetstoornissen.
Who was married to president Chirac?,Wie was met president Chirac getrouwd?
What is the largest metropolitan area in Washington state?,Wat is het grootste stedelijke gebied in de staat Washington?
Where in France is sparkling wine produced?,Waar in Frankrijk word mousserende wijn geproduceerd?
Where did Hillel Slovak die?,Waar is Hillel Slovak gestorven?
What is the timezone in San Pedro de Atacama?,Wat is de tijdzone in San Pedro de Atacama?
In which city does the Chile Route 68 end?,In welke stad eindigt de Route 68 in Chili?
Butch Otter is the governor of which U.S. state?,Butch Otter is de gouverneur van welke staat van de Verenigde Staten?
How tall is Amazon Eve?,Hoe lang is Amazon Eve?
Which weapons did Heckler & Koch develop?,Welke wapens heeft Heckler & Koch ontwikkeld?
Where is Fort Knox located?,Waar ligt Fort Knox?
Who created Batman?,Door wie werd Batman bedacht?
Which politicians were married to a German?,Welke politici waren getrouwd met een Duitser?
When was Jack Wolfskin founded?,Wanneer werd Jack Wolfskin opgericht?
How deep is Lake Chiemsee?,Hoe diep is de Chiemsee?
Give me the grandchildren of Elvis Presley.,Toon alle kleinkinderen van Elvis Presley.
What does ICRO stand for?,Waarvoor staat de afkorting ICRO?
When was Olof Palme shot?,Wanneer werd Olof Palme neergeschoten?
List all the musicals with music by Leonard Bernstein.,Toen een lijst van alle musicals met muziek van Leonard Bernstein.
Which airports does Yeti Airlines serve?,Naar welke luchthavens vliegt Yeti Airlines?
Give me all ESA astronauts.,Geef alle ESA-astronauten.
Give me all Swedish holidays.,Geef alle Zweedse feestdagen.
Who is the youngest Pulitzer Prize winner?,Wie is de jongste Pulitzerprijs-winnaar?
Which animals are critically endangered?,Welke dieren zijn kritiek bedreigd?
Which soccer players were born on Malta?,Welke voetballers zijn op Malta geboren?
Did Arnold Schwarzenegger attend a university?,Had Arnold Schwarzenegger aan een universiteit gestudeerd?
Which programming languages were influenced by Perl?,Welke programmeertalen werden beïnvloed door Perl?
Is Barack Obama a democrat?,Is Barack Obama een democraat?
How many children does Eddie Murphy have?,Hoeveel kinderen heeft Eddie Murphy?
Who is the oldest child of Meryl Streep?,Wie is het oudste kind van Meryl Streep?
Who killed John Lennon?,Wie heeft John Lennon vermoord?
Which frequent flyer program has the most airlines?,Wat is het frequent flyer-programma met de meeste luchtvaartmaatschappijen?
In which city is Air China headquartered?,In welke stad is het hoofdkantoor van Air China?
Which artists were born on the same date as Rachel Stevens?,Welke kunstenaars zijn op dezelfde dag als Rachel Stevens geboren?
How many scientists graduated from an Ivy League university?,Hoeveel wetenschappers hebben afgestudeerd aan een Ivy League-universiteit?
Which types of grapes grow in Oregon?,Welke soorten druiven groeien in Oregon?
Who is starring in Spanish movies produced by Benicio del Toro?,Wie speeld in Spaanse films geproduceerd door Benicio del Toro?
Who is the manager of Real Madrid?,Wie is de algemeen directeur van Real Madrid?
Give me the currency of China.,Wat is de munteenheid van China?
Which movies starring Mickey Rourke were directed by Guy Ritchie?,Welke films met Mickey Rourke werden geregisseerd door Guy Ritchie?
Is Darth Vader Luke’s father?,Is Darth Vader de vader van Luke?
How many companies were founded by the founder of Facebook?,Hoeveel bedrijven werden opgericht door de oprichter van Facebook?
How many companies were founded in the same year as Google?,Hoeveel bedrijven werden opgericht in hetzelfde jaar als Google?
Which subsidiary of TUI Travel serves both Glasgow and Dublin?,Welke dochteronderneming van TUI Travel bedient zowel Glasgow en Dublin?
How many airlines are members of the Star Alliance?,Hoeveel luchtvaartmaatschappijen zijn lid van Star Alliance?
Give me all spacecrafts that flew to Mars.,Geef alle ruimtetuigen die naar Mars werden gestuurd.
Which musician wrote the most books?,Welke musicus schreef de meeste boeken?
Show me everyone who was born on Halloween.,Geef een lijst met iedereen die op Halloween is geboren.
Give me all Swiss non-profit organizations.,Noem alle Zwitserse organisaties zonder winstoogmerk.
In which country is Mecca located?,In welk land ligt Mekka?
What is the net income of Apple?,Wat is het nettowinst van Apple?
What does the abbreviation FIFA stand for?,Waarvoor staat de afkorting FIFA?
When did the Ming dynasty dissolve?,Wanneer werd de Ming-dynastie beëindigd?
Which museum in New York has the most visitors?,Welk museum in New York heeft de meeste bezoekers?
Is Lake Baikal bigger than the Great Bear Lake?,Is het Baikalmeer groter dan het Groot Berenmeer?
Desserts from which country contain fish?,Nagerechten uit welke landen bevatten vis?
What is the highest mountain in Italy?,Wat is de hoogste berg in Italië?
Where did the architect of the Eiffel Tower study?,Waar heeft de architect van de Eiffeltoren gestudeerd?
Which Greek parties are pro-European?,Welke Griekse partijen zijn pro-Europees?
What is the height difference between Mount Everest and K2?,Wat is de hoogteverschil tussen Mount Everest en K2?
Who is the mayor of Rotterdam?,Wie is de burgemeester van Rotterdam?
In which city were the parents of Che Guevara born?,In welke stad zijn de ouders van Che Guevara geboren?
How high is the lighthouse in Colombo?,Hoe hoog is de vuurtoren van Colombo?
Are Taiko a kind of Japanese musical instruments?,Zijn Taiko een soort Japanse musiekinstrumenten?
How many ethnic groups live in Slovenia?,Hoeveel etnische groepen leven in Slovenië?
List the seven kings of Rome.,Geef de seven koningen van Rome.
Who were the parents of Queen Victoria?,Wie waren de ouders van Koningin Victoria?
Who is the heaviest player of the Chicago Bulls?,Wie is de zwaarste speler van de Chicago Bulls?
Which volcanos in Japan erupted since 2000?,Welke Japanse vulkanen zijn uitgebarsten sinds 2000?
Who is the tallest basketball player?,Wie is de grootste basketballer?
Who is the host of the BBC Wildlife Specials?,Wie is de presentator van de BBC Wildlife Specials?
In what city is the Heineken brewery?,In welke stad bevindt zich de Heineken brouwerij?
When did Operation Overlord commence?,Wanneer vond Operatie Overlord plaats?
Who developed Slack?,Wie ontwikkelde Slack?
How many seats does the home stadium of FC Porto have?,Hoeveel plaatsen heeft het stadion van FC Porto?
Who discovered Ceres?,Wie ontdekte Ceres?
What is the largest country in the world?,Wat is het grootse land ter wereld?
Who is the mayor of Paris?,Wie is de burgemeester van Parijs?
Who is the coach of Ankara's ice hockey team?,Wie is de coach van het ijshockey team van Ankara.
How much did the Lego Movie cost?,Hoveel heeft de Lego Movie gekost?
Where does Piccadilly start?,Waar begint Piccadilly?
How many people live in Poland?,Hoeveel mensen wonen er in Polen?
Who created Family Guy?,Wie heeft Family Guy bedacht?
Who wrote the song Hotel California?,Wie schreef het lied Hotel California?
What is in a chocolate chip cookie?,Wat heb je nodig voor chocolate chip cookies?
Does Neymar play for Real Madrid?,Speelt Neymar bij Real Madrid?
Which computer scientist won an oscar?,Welke informaticus won een Oscar?
Who played Gus Fring in Breaking Bad?,Wie speelt Gus Fring in Breaking Bad?
In which ancient empire could you pay with cocoa beans?,In welke oude imperium kon je met cacaobonen betalen?
Which electronics companies were founded in Beijing?,Welke elektronica bedrijven zijn opgericht in Peking?
What is the capital of Cameroon?,Wat is de hoofdstad van Kameroen?
What is Batman's real name?,Wat is de echte naam van Batman?
What form of government does Russia have?,Welke regeringsvorm heeft Rusland?
Which Indian company has the most employees?,Welke Indiase bedrijf heeft de meeste werknemers?
What color expresses loyalty?,Welke kleur staat voor loyaliteit?
Who is the president of Eritrea?,Wie is de president van Eritrea?
Which films did Stanley Kubrick direct?,Hoveel films heeft Stanley Kubrick geregisseerd?
Which subsidiary of Lufthansa serves both Dortmund and Berlin Tegel?,Welke dochteronderneming van Lufthansa bedient zowel Dortmund en Berlin Tegel?
Who was the successor of John F. Kennedy?,Wie was de opvolger van John F. Kennedy?
Who composed the soundtrack for Cameron's Titanic?,Door wie is de filmmuziek van Camerons Titanic geschreven?
In which time zone is Rome?,In welke tijdzone zit Rome?
Who are the developers of DBpedia?,Wie heeft DBpedia ontwikkeld?
Who is the king of the Netherlands?,Wie is de koning van Nederland?
In which city did Nikos Kazantzakis die?,In welke stad is Nikos Kazantzakis overleden?
Give me a list of all critically endangered birds.,Geef een lijst met alle ernstig bedreigde vogelsoorten.
Which companies produce hovercrafts?,Welke bedrijven produceren hovercrafts?
Did Elvis Presley have children?,Had Elvis Presley kinderen?
In which city was the president of Montenegro born?,In welke stad is de president van Montenegro geboren?
Which country was Bill Gates born in?,In welke land is Bill Gates geboren?
In which countries do people speak Japanese?,In welke landen wordt Japans gesproken?
What was the first Queen album?,Wat was het eerste Queen-album?
What country is Sitecore from?,Uit welke land komt Sitecore?
Whom did Lance Bass marry?,Wie heeft Lance Baas getrouwd?
Who was Vincent van Gogh inspired by?,Wie heeft van Gogh geinspireerd?
Who wrote the Game of Thrones theme?,Wie heeft de titelmuziek van Game of Thrones gekomponeerd?
When did Boris Becker end his active career?,Wanneer stopte Boris Becker zijn actieve loopbaan?
To which party does the mayor of Paris belong?,Tot welke partij behoort de burgemeester van Parijs?
Who was the doctoral supervisor of Albert Einstein?,Wie was de promotor van Albert Einsteins doctoraatsonderzoek?
In which city does Sylvester Stallone live?,In welke stad woont Sylvester Stallone?
Who is the son of Sonny and Cher?,Wie is de zoon van Sonny en Cher?
In which city are the headquarters of the United Nations?,In welke stad bevindt zich het hoofdkwartier van de Verenigde Naties?
Show me Hemingway's autobiography.,Toen de autobiografie van Hemmingway.
Did Kaurismäki ever win the Grand Prix at Cannes?,Heeft Kaurismäki ooit de Grand Prix op het filmfestival van Cannes gewonnen?
Where is Syngman Rhee buried?,Waar ligt Syngman Rhee begraven?
Show me all books in Asimov's Foundation series.,Toon alle boeken die bij de Foundation-serie horen.
How high is the Yokohama Marine Tower?,Hoe hoog is de Yokohama Marine Tower?
Does the new Battlestar Galactica series have more episodes than the old one?,Heeft de nieuwe Battlestar Galactica-serie meer afleveringen dan de oude?
What is the biggest stadium in Spain?,Wat is het grootste stadion van Spanje?
Which professional surfers were born on the Philippines?,Welke professionele surfers werden geboren op de Filipijnen?
What are the five boroughs of New York?,Wat zijn de fijv wijken van New York?
When did princess Diana die?,Wanneer is prinses Diana overleden?
Are there any castles in the United States?,
Can you find frescoes in Crete?,
Do Urdu and Persian have a common root?,
Does the Ford Motor Company have a manufacturing plant in Malaysia?,
How many years was the Ford Model T manufactured?,
Give me all gangsters from the prohibition era.,
Give me all Seven Wonders of the Ancient World.,
Give me all chemical elements.,
How many rivers and lakes are in South Carolina?,
How many states are in Mexico?,
How many theories did Albert Einstein come up with?,
Is horse racing a sport?,
Is Pluto really a planet?,
Was Sigmund Freud married?,
What form of government is found in South Africa?,
What is the largest state in the United States?,
What is the longest river in the world?,
Which building after the Burj Khalifa has the most floors?,
What is the wavelength of indigo?,
What was the name of the famous battle in 1836 in San Antonio?,
What were the names of the three ships used by Columbus?,
When did Muhammad die?,
When was the De Beers company founded?,
When was John Adams born?,
Which American presidents were in office during the Vietnam War?,
Which city has the oldest running metro?,
Which holidays are celebrated around the world?,
Who assassinated President McKinley?,
Who discovered Pluto?,
Who killed Caesar?,
Who was buried in the Great Pyramid of Giza?,
Who was the first King of England?,
What was the final result of the War of the Roses?,
Who writes the Farmers' Almanac?,
How big is the earth's diameter?,
How many people live in Eurasia?,
Give me the runtime of Toy Story.,
What was the first name of the band Queens of the Stone Age?,
Give me the birth place of Frank Sinatra.,
Which university did Angela Merkel attend?,
List all boardgames by GMT.,Lijst alle bordspellen door GMT. 
Who developed Skype?,Wie ontwikkelde Skype? 
Which people were born in Heraklion?,Welke mensen waren geboren in Heraklion? 
In which U.S. state is Area 51 located?,In welke US staat is Gebied 51 gelegen? 
Where did Abraham Lincoln die?,Waar deed Abraham Lincoln het? 
Give me all actors starring in movies directed by and starring William Shatner.,Geef alle acteurs van films waar William Shatner de regie van voerde en in meespeelde.
Which movies starring Brad Pitt were directed by Guy Ritchie?,Welke films met Brad Pitt werden geregisseerd door Guy Ritchie?
Give me the Apollo 14 astronauts.,Geef de astronauten van Apollo 14.
Who wrote the book The pillars of the Earth?,Wie schreef de boek De pijlers van de Aarde? 
Which state of the United States of America has the highest density?,Welke staat van de Verenigd Staten van Amerika heeft de hoogst dichtheid? 
Which spaceflights were launched from Baikonur?,Welke ruimtevluchten werden gestart vanuit Baikonur?
Give me a list of all trumpet players that were bandleaders.,Geef me een lijst van alle trompettisten die bandleider waren.
Which U.S. states are in the same timezone as Utah?,Welke staten van de Verenigde Staten liggen in dezelfde tijdzone als Utah?
Show me all museums in London.,Toen alle museums in Londen.
Show me all basketball players that are higher than 2 meters.,Toen alle basketbalspelers die grooter zijn dan 2 meter.
What movies does Jesse Eisenberg play in?,In welke films speelt Jesse Eisenberg?
What kind of music did Lou Reed play?,Welke soort muziek heeft Lou Reed gemaakt?
Where do the Red Sox play?,Waar spelen de Red Sox?
How many movies did Park Chan-wook direct?,Hoeveel films heeft Park Chan-wook geregisseerd?
Which movies star both Liz Taylor and Richard Burton?,In welke films spelen zowel Liz Taylor als Richard Burton mee?
Which writers studied in Istanbul?,Welke schrijvers hebben in Istanbul gestudeerd?
What other books have been written by the author of The Fault in Our Stars?,Wat anders boeken hebben geweest geschreven door de auteur van De fout in Onze Stars? 
What is the smallest city by area in Germany?,Wat is de kleinste stad door Gebied in Duitsland? 
What is the largest city in america?,Wat is de De grootste stad in Amerika? 
What is the alma mater of the chancellor of Germany Angela Merkel?,Wat is de alma mater van de kanselier van Duitsland Angela Merkel? 
Where is the birthplace of Goethe?,Waar is de geboorteplaats van Goethe? 
What is the highest mountain in Saxony Germany?,Wat is de hoogst berg- in Saksen Duitsland? 
Who is the current federal minister of finance in Germany?,Wie is de actueel federaal minister van financiën in Duitsland? 
In which state Penn State University is located?,In welke staat Penn Staat Universiteit is gelegen? 
How large is the area of UK?,Hoe groot is de Gebied van UK? 
how much is the elevation of Düsseldorf Airport ?,hoe veel is de verhoging van Düsseldorf Luchthaven ? 
How much is the population of mexico city ?,Hoe veel is de bevolking van Mexico stad ? 
when was the founding date of french fifth republic?,wanneer was de oprichten datum van Frans vijfde republiek? 
When was the last episode of the TV series Friends aired?,Wanneer was de laatste aflevering van de TV serie vrienden uitgezonden? 
Who is 8th president of US?,Wie is 8ste president van ONS? 
how much is the total population of  european union?,hoe veel is de totaal bevolking van Europese unie? 
What is the birth name of Adele?,Wat is de geboorte naam van Adele? 
What is the population of Cairo?,Wat is de bevolking van Cairo? 
What is the last work of Dan Brown?,Wat is de laatste werk van en Bruin? 
Where is Sungkyunkwan University?,Waar is Sungkyunkwan Universiteit? 
Who is the author of the interpretation of dreams?,Wie is de auteur van de interpretatie van dromen? 
When was the death  of  Shakespeare?,Wanneer was de dood van Shakespeare? 
Where is the origin of Carolina reaper?,Waar is de oorsprong van Carolina maaimachine? 
Which species does an elephant belong?,Welke soorten doet een olifant behoren? 
With how many countries Iran has borders?,Met hoe veel landen Ik rende heeft grenzen? 
how big is the total area of North Rhine- Westphalia?,hoe groot is de totaal Gebied van noorden Rijn Westfalen? 
What is Donald Trump's main business?,Wat is Donald Trump hoofd bedrijf? 
When will start the final match of the football world cup 2018?,Wanneer zullen begin de laatste bij elkaar passen van de voetbal wereld- kop 2018? 
how much is the population  Iraq?,hoe veel is de bevolking Irak? 
how much is the population densty rank of germany?,hoe veel is de bevolking dichtheid rang van Duitsland? 
Who are the writers of the Wall album of Pink Floyd?,Wie zijn de schrijvers van de Muur album van Roze Floyd? 
