input_lang,output_lang,correctly_annotated
Which river does the Brooklyn Bridge cross?,¿Por qué río cruza la Brooklyn Bridge?,1
Give me the websites of companies with more than 500000 employees.,Dame todas las páginas de Web de empresas con más de 500000 empleados.,1
What is the official website of Tom Cruise?,¿Cuál el la página de Web oficial de Tom Cruise?,1
Give me all movies with Tom Cruise.,Dame todas las películas con Tom Cruise,1
Who created Wikipedia?,¿Quién creó Wikipedia?,1
How many films did Hal Roach produce?,¿Cuántas películas ha producido Hal Roach?,1
In which country does the Nile start?,¿En qué país nace el Nilo?,1
Which states of Germany are governed by the Social Democratic Party?,¿En qué estados federales de Alemania gobierna la SPD?,0
How tall is Claudia Schiffer?,¿Cómo de alta es Claudia Schiffer?,1
Which television shows were created by Walt Disney?,¿Qué series televisivas ideó Walt Disney?,1
What is the highest place of Karakoram?,¿Cuál es el punto más alto del Karakorum?,0
Give me all cities in New Jersey with more than 100000 inhabitants.,Dame todas las cuidades en New Jersey que tengan más de 100000 habitantes.,1
Which actors were born in Germany?,¿Qué actores nacieron en Alemania?,1
Give me all people with first name Jimmy.,Dame todas las personas con el nombre propio Jimmy.,0
Which mountain is the highest after the Annapurna?,¿Cuál es la montaña más alta después del Annapurna?,0
How often was Michael Jordan divorced?,¿Cuántas veces se ha divorciado Michael Jordan?,1
Who designed the Brooklyn Bridge?,¿Quién diseñó la Brooklyn Bridge?,1
Which classis do tree frogs belong to?,¿A qué especie pertenece la rana verde?,0
Was Natalie Portman born in the United States?,¿Nació Natalie Portman en los estados unidos de américa?,0
Which countries have more than two official languages?,¿Qué países tienes más de dos lenguas oficiales?,1
When did Latvia join the EU?,¿Cuándo ingresó Letonia a la unión europea?,1
Who created Goofy?,¿Quién es el creador de Goofy?,1
Give me all soccer clubs in Spain.,Dame todos los club de fútbol de España.,1
Who is the mayor of New York City?,¿Quién es el alcalde de la cuidad de Nueva York?,1
Which organizations were founded in 1950?,¿Qué empresas fueron fundadas en 1950?,1
Which presidents were born in 1945?,¿Qué presidentes nacieron en 1945?,1
Through which countries does the Yenisei river flow?,¿Por qué países fluye el río Yenisei?,1
Which museum exhibits The Scream by Munch?,¿En qué museo está expuesto el Grito de Munch?,0
Which budget did the first movie of Zdenek Sverak have?,¿Cuál fué el presupuesto de la primera película de Zdenek Sverak?,0
Give me the capitals of all countries in Africa.,Dame las capitales de todos los países africanos.,0
Which states border Illinois?,¿Qué estados tienen frontera con Illinois?,1
Which countries have places with more than two caves?,¿Qué países tienen lugares con más de dos cuevas?,1
Which European countries have a constitutional monarchy?,¿Qué países europeos tienen una monarquía constitucional?,1
What is the highest mountain in Australia?,¿Cuál es la montaña más alta de Australia?,0
Which capitals in Europe were host cities of the summer olympic games?,¿En qué capitales europeas tuvieron lugar los juegos olímpicos de verano?,0
Who was the wife of U.S. president Lincoln?,¿Quién fué la mujer del presidente americano Lincoln?,1
"Which airports are located in California, USA?",¿Cuántos aeropuertos hay en California?,0
Is Christian Bale starring in Batman Begins?,¿Actúa Christian Bale en Batman Begins?,1
In which programming language is GIMP written?,¿En qué lenguaje de programación esta programado GIMP?,0
In which country is the Limerick Lake?,¿En qué país se encuentra el lago Limerick?,0
Which monarchs of the United Kingdom were married to a German?,¿Qué monárcas del reino unido estaban casados con una persona alemana?,0
Give me all female German chancellors.,Dame todas las cancilleres alemanas.,0
Give me all video games published by Mean Hamster Software.,Dame todos los videojuegos de Mean Hamster Software.,1
Who produced films starring Natalie Portman?,¿Quién ha producido películas en las que actua Natalie Portman?,1
In which films did Julia Roberts as well as Richard Gere play?,¿En qué películas actúan Julia Roberts y Richard Gere?,1
How many films did Leonardo DiCaprio star in?,¿En cuántas películas ha actuado Leonardo DiCaprio?,1
Give me all school types.,Dame todos los tipos de escuela.,1
Give me the birthdays of all actors of the television show Charmed.,Dame los cumpleaños de los actores de la serie de televisión Charmed.,1
In which city did John F. Kennedy die?,¿En qué ciudad murió John F. Kennedy?,0
How many monarchical countries are there in Europe?,¿Cuántas monarquías existen en Europa?,1
Give me all presidents of the United States.,Dame todos los presidentes de los estados unidos de américa.,0
Who produced the most films?,¿Quién ha producido más películas?,1
Which languages are spoken in Estonia?,¿Qué idiomas se hablan en Estonia?,1
Is there a video game called Battle Chess?,¿Hay algún videojuego que se llame Battle Chess?,0
Which mountains are higher than the Nanga Parbat?,¿Qué montañas son más altas que el Nanga Parbat?,1
When is the movie Worst Case Scenario going to be in cinemas in the Netherlands?,¿Cuándo se estrena la película Worst Case Scenario en los países bajos?,0
Is Jens Friebe a vegan?,¿Es Jens Friebe vegano?,0
Which telecommunications organizations are located in Belgium?,¿Qué empresas de telecomunicaciones tienen su sede en Bélgica?,0
Which companies work in the aerospace industry as well as on nuclear reactor technology?,¿Qué empresas aerospaciales trabajar también en en tecnología de reactores?,0
Which state of the USA has the highest population density?,¿Que estado de los estados unidos de america tiene la mayor densidad de población?,0
Is the wife of president Obama called Michelle?,¿La mujer del presidente Obama se llama Michelle?,1
What is the highest mountain?,¿Cuál es la montaña más alta?,0
Give me all Canadian Grunge record labels.,Dame todos las empresas canadienses productoras de música Grunge.,0
What is the currency of the Czech Republic?,¿Cuál es la moneda de la república checa?,0
Give me all books written by Danielle Steel.,Dame todos los libros escritos por Danielle Steel.,1
In which films directed by Garry Marshall was Julia Roberts starring?,¿En qué películas dirigidas por Garry Mashall actuó Julia Roberts?,1
Who developed the video game World of Warcraft?,¿Quién desarrolló el videojuego Warcraft?,0
Who owns Aldi?,¿A quién pertenece Aldi?,1
How many employees does IBM have?,¿Cuántos empleados tiene IBM?,1
What is the area code of Berlin?,¿Cuál es el prefijo de Berlin?,0
When was the Battle of Gettysburg?,¿Cuándo tuvo lugar la batalla de Gettysburg?,0
What are the official languages of the Philippines?,¿Cuáles son los idiomas oficiales de Las Philipinas?,0
Is Frank Herbert still alive?,¿Todavía vive Frank Herbert?,1
How many big fires struck Paris during the Middle Ages?,¿Cuántos grandes incendios se produjeron en el Paris medieval?,0
Who wrote the book Les Piliers de la terre?,¿Quen escribió el libro Los pilares de la Tierra?,0
Give me the homepage of Forbes.,Dame la página de web de Forbes.,1
Is proinsulin a protein?,¿La proinsulina es una proteina?,1
Which awards did WikiLeaks win?,¿Qué premios ha ganado WikiLeaks?,1
List all episodes of the first season of the HBO television series The Sopranos!,Dame todos los episodios de la prímera época de la serie de HBO Los Sporanos.,1
Which country has the most official languages?,¿Qué país tiene más idiomas oficiales?,1
Which U.S. states possess gold minerals?,¿En qué estados de los estados unidos de américa hay oro?,0
What is the most beautiful painting?,¿Cuál es la pintur más bonita?,1
Who is the daughter of Ingrid Bergman married to?,¿Con quién está casada la hija de Ingrid Bergman?,1
Is Egypts largest city also its capital?,¿Es la cuidad más grande de Egipto también capital?,0
Which caves have more than 3 entrances?,¿Qué cuevas tienen más de 3 entradas?,1
Give me all films produced by Hal Roach.,Dame todas las películas del producente Hal Roach.,1
Which bridges are of the same type as the Manhattan Bridge?,¿Qué puentes son del mismo tipo que el puente de Manhattan?,1
Was U.S. president Jackson involved in a war?,¿Estuvo el el presidente de los estados unidos Jackson involucrado en una guerra?,0
Which software has been developed by organizations founded in California?,¿Qué productos de software han sido desarrollados por empresas fundadas en California?,1
Who has been the 5th president of the United States of America?,¿Quién fue el quinto presidente de los estados unidos de américa?,0
Which music albums contain the song Last Christmas?,¿Qué albums musicales contienen la canción Las Christmas?,0
Give me all female Russian astronauts.,Dame todas las astronautas rusas.,0
Give me all actors starring in Last Action Hero.,Dame todos los actores que hayan actuado en Last Action Hero.,1
Give me all companies in the advertising industry.,Dame todas las empresas publicitarias.,1
Give me all animal species that live in the Teutoburg Forest.,Dame todas las especies animales qué vivan en el Bosque Teutónico.,0
Which countries in the European Union adopted the Euro?,¿Qué países de la unión europea han introducido el Euro?,0
When was Capcom founded?,¿Cúando se fundó Capcom?,1
Give me all soccer clubs in the Premier League.,Dame todos los clubs de la Premier League.,0
Who is the owner of Universal Studios?,¿A quién le pertenecen los Universal Studios?,1
What did Bruce Carver die from?,¿De qué murió Bruce Carver?,1
How often did Jane Fonda marry?,¿Cuántas veces ha estado casada Jane Fonda?,1
Which books by Kerouac were published by Viking Press?,¿Qué libros de Kerouac han sido publicados por Viking Press?,0
Which U.S. state has the highest population density?,¿Que estado de los estados unidos de america tiene la mayor densidad de población?,0
What is the founding year of the brewery that produces Pilsner Urquell?,¿En qué año fue fundada la cervecería que produce Pilsner Urquell?,1
Give me all federal chancellors of Germany.,Dame todos los cancilleres alemanos.,0
In which U.S. state is Mount McKinley located?,¿En qué estado de los estados unidos se encuentra el monte McKinley?,0
When was the Statue of Liberty built?,¿Cuándo fue construída la estatua de la libertad?,0
Give me all people that were born in Vienna and died in Berlin.,Dame todas las personas que hayan nacido en Viena y hayan muerto en Berlin.,1
How tall is Michael Jordan?,¿Qué altura tiene Michael Jordan?,1
What is the total amount of men and women serving in the FDNY?,¿Cúantos hombres y mujeres trabajan para los bomberos de Nueva York?,0
Give me all breeds of the German Shepherd dog.,Dame todas las razas de pastor alemán.,0
What is the official language of Suriname?,¿Cuál es la idioma oficial de Surinam?,0
Who composed the music for Harold and Maude?,¿Quién compuso la música para Harold y Maude?,0
In which city was the former Dutch queen Juliana buried?,¿En qué ciudad fué enterrada la antigua reina de los países bajos Juliana?,0
Who wrote the book The Pillars of the Earth?,¿Quen escribió el libro Los pilares de la Tierra?,0
What are the nicknames of San Francisco?,¿Cuál es el apodo de San Francisco?,1
Which companies work in the aerospace industry as well as in medicine?,¿Qué empresas aerospaciales trabajar también en en medicina?,0
Are tree frogs a type of amphibian?,¿Son las ranas verdes un tipo de anfibio?,0
What were the main discoveries of the Mars rover Curiosity?,¿Cuáles fueron los principales descubrimientos de Mars rover Curiosity?,1
Where is the residence of the prime minister of Spain?,¿Dónde vive el primer ministor de España?,1
Which countries have more than ten caves?,¿Qué países tienen más de diez cuevas?,1
Give me all sister cities of Brno.,Dame las ciudades hermanadas con Brno.,1
Which other weapons did the designer of the Uzi develop?,¿Qué otras armas desarrolló el inventor del Uzi?,1
Which countries adopted the Euro?,¿Qué países han introducido el Euro?,0
Which country does the creator of Miffy come from?,¿De qué país viene el creador de Nijntje?,0
Give me all female given names.,Dame todos los nombres propios femeninos.,1
Was Margaret Thatcher a chemist?,¿Fue Margaret Thatcher química?,0
Which German cities have more than 250000 inhabitants?,¿Qué ciudades alemanas tienen más de 250000 habitantes?,0
Was Marc Chagall a jew?,¿Fué Marc Chagall judío?,0
How many Aldi stores are there?,¿Cuántas tiendas Aldi hay?,1
What is the capital of Canada?,¿Cuál es la capital de Canadá?,1
What is the average temperature on Hawaii?,¿Cuál es la temperature media en Hawaii?,1
In which U.S. state is Fort Knox located?,¿En qué estado american se encuentra Fort Knox?,0
For which label did Elvis record his first album?,¿Qué discográfica grabó el primer album de Elvis?,0
Do Prince Harry and Prince William have the same mother?,¿Tienen el príncipe Harry y el prínciple William la misma madre?,0
In which military conflicts did Lawrence of Arabia participate?,¿En qué conflictos militares participó Lawrence de Arabia?,0
Who invented the zipper?,¿Quién inventó la cremallera?,1
Which U.S. states are in the same time zone as Utah?,¿Qué estados americanos se encuentran en la misma zona que Utah?,0
Give me all islands that belong to Japan.,Dame todas la islas que pertenezcan a Japón.,1
Who was the first president of the United States?,¿Quién era el primer presidente de los Estados Unidos?,1
Who developed Minecraft?,¿Quién desarrolló Minecraft?,1
Which Chess players died in the same place they were born in?,¿Qué jugadores de ajedrez murieron en sus lugares de nacimiento?,0
How many space missions have there been?,¿Cuántas misiones espaciales ha habido?,1
Give me all cars that are produced in Germany.,Dame todos los coches producidos en Alemania.,1
How many children did Benjamin Franklin have?,¿Cuántos hijos tuvo Benjamin Franklin?,1
Is Michelle Obama the wife of Barack Obama?,¿Es Michele Obama la esposa de Barack Obama?,1
Give me all actors starring in movies directed by William Shatner.,Dame todos los actores de películas dirigidas por William Shatner.,1
List the children of Margaret Thatcher.,Dame una lista de los hijos de Margaret Thatcher.,1
Which professional surfers were born in Australia?,¿Qué surfistas profesionales nacieron en Australia?,1
Who is the editor of Forbes?,¿Quién es el editor de Forbes?,1
Who is the youngest player in the Premier League?,¿Quién es el jugador más jóven de la Premier League?,1
What is the second highest mountain on Earth?,¿Cuál es la segunda montaña más alta de la tierra?,0
Give me all books by William Goldman with more than 300 pages.,Dame todos los libros de Wiliam Goldman con más de 300 páginas.,1
Give me all Danish films.,Dame todas las películas danesas.,0
What is the largest city in Australia?,¿Cuál es la cuidad más grande de Australia?,0
Who painted The Storm on the Sea of Galilee?,¿Quién pintó el Cristo en la tormenta en el lago de Galilea?,0
Give me all launch pads operated by NASA.,Dame todas las plataformas de lanzamiento operadas por la NASA.,1
Who wrote the lyrics for the Polish national anthem?,¿Quién escribió el texto del himno de Polonia?,0
Who created the comic Captain America?,¿Quién creó el comic Capitán América?,1
Who was the father of Queen Elizabeth II?,¿Quién fue el padre de la reina Isabel II?,0
Which U.S. state has the abbreviation MN?,¿Qué estado americano tiene la abreviación MN?,0
Which movies did Kurosawa direct after Rashomon?,¿Qué películas ha rodado Kurosawa después de Rashomon?,0
List all episodes of the first season of the HBO television series The Sopranos.,Dame todos los episodios de la prímera época de la serie de HBO Los Sporanos.,1
Give me a list of all American inventions.,Dame una lista de todos los inventos americanos.,0
Which films starring Clint Eastwood did he direct himself?,¿En qué películas con Clint Eastwood están dirigidas por él mismo?,1
Who are the parents of the wife of Juan Carlos I?,¿Quién son los padres de la esposa de Juan Carlos I?,1
What is the birth name of Angela Merkel?,¿Cuál es el nombre de soltera de Angela Merkel?,1
In which UK city are the headquarters of the MI6?,¿En qué ciudad del reino unido se encuentra el cuartel genetal del MI6?,0
What is the longest river?,¿Cuál es el río más largo?,1
Did Socrates influence Aristotle?,¿Tuvo Sócrates influencia sobre Aristóteles?,1
Who was called Scarface?,¿Quién era llamado Scarface?,1
Is Christian Bale starring in Velvet Goldmine?,¿Actúa Christian Bale en Velvet Goldmine?,1
What is the time zone of Salt Lake City?,¿En qué zona horaria se encuentra Salt Lake City?,0
List all games by GMT.,Dame todos los juegos de GMT.,1
Which organizations were founded in 1930?,¿Qué empresas fueron fundadas en 1930?,1
To which countries does the Himalayan mountain system extend?,¿Por qué países se extiende el Himalaya?,0
When was Alberta admitted as province?,¿Cúando fué fundada la provincia de Alberta?,1
Which countries are connected by the Rhine?,¿Qué países une el Rhin?,1
Give me all cosmonauts.,Dame todas las cosmonautas.,1
Who is the mayor of Tel Aviv?,¿Quién es el alcalde de Tel Aviv?,0
Which ships were called after Benjamin Franklin?,¿Qué barcos fueron bautizados en honor a Benjamin Franklin?,1
Who is the husband of Amanda Palmer?,¿Quién es el marido de Amanda Palmer?,1
How many employees does Google have?,¿Cuántos empleados tiene Google?,1
Does Breaking Bad have more episodes than Game of Thrones?,¿Tiene Breaking Bad más episodios que Game of Thrones?,0
Give me a list of all bandleaders that play trumpet.,Dame una lista de todos los líderes de un grupo que tocan la trompeta.,1
When did Michael Jackson die?,¿Cuándo murió Michael Jackson?,1
How many languages are spoken in Turkmenistan?,¿Cuántos idiomas se hablan en Turkmenistán?,1
How many inhabitants does Maribor have?,¿Cuántos habitantes tiene Maribor?,1
Give me a list of all lakes in Denmark.,Dame una lista de todos los lagos en Dinamarca.,1
Which Greek goddesses dwelt on Mount Olympus?,¿Qué diosas griegas habitan el Olimpo?,0
How high is the Mount Everest?,¿Qué alto es el Monte Everest?,1
Give me all communist countries.,Dame todos los países comunistas.,0
Which instruments does Cat Stevens play?,¿Qué instrumentos tocaba Cat Stevens?,1
Sean Parnell is the governor of which U.S. state?,¿De qué estado americano es Sean Parnell el gobernador?,0
Did Tesla win a nobel prize in physics?,¿Obtuvo Tesla el premio nobel de física?,0
Who is the governor of Wyoming?,¿Quién es el gobernador de Wyoming?,1
When were the Hells Angels founded?,¿Cúando se fundaron los Hells Angels?,1
Give me all libraries established earlier than 1400.,Dame todas las bibliotecas que fueron establecidas antes de 1400.,0
How many countries are there in Europe?,¿Cuántos países existen en Europa?,1
Who is the mayor of Berlin?,¿Quién es el alcalde de Berlin?,0
How many people live in the capital of Australia?,¿Cuánta gente vive en la capital de Australia?,1
Who founded Intel?,¿Quién fundó Intel?,1
Give me all B-sides of the Ramones.,Dame todas las caras B de los Ramones.,0
Give me all Apollo 14 astronauts.,Dame todos los astronautas de Apolo 14?,1
Give me all world heritage sites designated within the past two years.,¿Qué patrimonios de la humanidad fueron reconocidos en los últimos dos años?,0
Which cities does the Weser flow through?,¿Por qué ciudades pasa el río Weser?,1
Give me all movies directed by Francis Ford Coppola.,Dame todas las películas que haya dirigido Francis Ford Coppola.,1
What is the ruling party in Lisbon?,¿Qué partido gobierna en Lisboa?,1
Who produces Orangina?,¿Quién produce Orangina?,1
Give me all companies in Munich.,Dame todas las empresas de Munich?,1
What is the melting point of copper?,¿Cúal es el punto de fusión del cobre?,1
Was the Cuban Missile Crisis earlier than the Bay of Pigs Invasion?,¿Fué la crisis de cuba antes de la invasión de bahía de cochinos?,0
Who was John F. Kennedy's vice president?,¿Quién fué el vicepresidente de John F. Kennedy?,0
Who is the Formula 1 race driver with the most races?,¿Quién es el conductor de Formula 1 con más carreras?,1
Which U.S. state has been admitted latest?,¿Qué estado americano fué el último en ser admitido?,0
Give me all Methodist politicians.,Dame todos los políticos que sean metodístas.,0
What is the highest place of the Urals?,¿Cuál es el punto más alto del montes Urales?,1
Which monarchs were married to a German?,¿Qué monárcas estaban casados con una persona alemana?,0
Show me all songs from Bruce Springsteen released between 1980 and 1990.,¿Enseñame todas las canciones de Bruce Springsteen que aparecieron entre 1980 y 1990.,1
Give me all professional skateboarders from Sweden.,Dame todos las skateboarders profesionales de Suecia.,1
Give me all members of Prodigy.,Dame todos los miembros de la banda Prodigy.,0
How many students does the Free University in Amsterdam have?,¿Cuántos estudiantes tiene la Universidad Libre de Amsterdam?,0
Give me all Australian nonprofit organizations.,Dame todas las organizaciones benéficas de Australia.,0
In which country does the Ganges start?,¿En qué país nace el Ganges?,0
Do Prince Harry and Prince William have the same parents?,¿Tienen el príncipe Harry y el prínciple William la misma madre?,0
How many missions does the Soyuz programme have?,¿Cuántas misiones tiene el programa Soyuz?,0
Give me all Danish movies.,Dame todas las películas danesas.,0
Is Rita Wilson the wife of Tom Hanks?,¿Es Rita Wilson la esposa de Tom Hanks?,1
Who was called Frank The Tank?,¿Quién era llamado Frank The Tank?,0
Which movies did Kurosawa direct?,¿Qué películas ha rodado Kurosawa?,0
Which television shows were created by John Cleese?,¿Qué series televisivas ideó John Cleese?,1
Which awards did Douglas Hofstadter win?,¿Qué premios ha ganado Douglas Hofstadter?,1
Who is the daughter of Robert Kennedy married to?,¿Con quién está casada la hija de Robert Kennedy?,1
Who is the owner of Rolls-Royce?,¿Quién es el dueño de Rolls-Royce?,1
Was the wife of president Lincoln called Mary?,¿La mujer del presidente Lincoln se llama Mary?,1
Who was the 16th president of the United States?,¿Quién fue el 16th presidente de los Estados Unidos?,1
Is Pamela Anderson a vegan?,¿Es Pamela Anderson vegana?,1
Give me all animal species that live in the Amazon rainforest.,Dame todas las especies animales qué viven en Amazonía.,0
How many inhabitants does the largest city in Canada have?,¿Cuántos habitantes tiene la ciudad más grande de Canadá?,0
In which studio did the Beatles record their first album?,¿En qué estudio grabaron los Beatles su primer album?,1
Who was the first to climb Mount Everest?,¿Quién fue el primero en ascender al Monte Everest?,1
How many programming languages are there?,¿Cuántos lenguajes de programación existen?,0
What is the official color of the University of Oxford?,¿Cuál es el color oficial de la Universidad de Oxford?,0
How many gold medals did Michael Phelps win at the 2008 Olympics?,¿Cuántas medallas de oro ganó Michael Phelps durante los juegos olímpicos de 2008?,0
To which artistic movement did the painter of The Three Dancers belong?,¿A qué estilo artístico pertenece el pinto de Los Tres Bailarines?,0
Give me all animals that are extinct.,Dame todos los animales extintos,0
Does Abraham Lincoln's death place have a website?,¿Tiene el lugar de nacimiento de Abraham Lincol una página web?,0
How deep is Lake Placid?,Cómo de hondo es el Lago Placid?,1
Give me the grandchildren of Bruce Lee.,Dame todos los nietos de Bruce Lee.,1
Who is the youngest Darts player?,¿Quién es el jugador mas jóven de dardos?,0
Where was Bach born?,¿Dónde nació Bach?,0
In which countries can you pay using the West African CFA franc?,¿En qué páises se paga con el Franco CFA?,0
What are the top-10 action role-playing video games according to IGN?,¿Cuáles son los 10 mejores videojuegos de rol de acción según la IGN?,0
What is the most frequent cause of death?,¿Cual es la causa mortal más común?,1
Does the Isar flow into a lake?,¿Desemboca el Isar en un lago?,1
Give me all films produced by Steven Spielberg with a budget of at least $80 million.,Dame todas las películas producidas por Steven Spielberg con un presupuesto de al menos 80 milliones de dólares.,1
Give me all writers that won the Nobel Prize in literature.,Dame todos los escritores que hayan recibido el premio nobel de literatura.,0
Give me all taikonauts.,Dame todas las taikonautas.,1
How many pages does War and Peace have?,¿Cuántas páginas tiene Guerra y Paz?,0
What is the bridge with the longest span?,¿Qué puente tiene el mayor largo del vano?,0
Give me all actors called Baldwin.,Dame todos los actores llamados Baldwin.,1
Who is the tallest player of the Atlanta Falcons?,¿Quién es el jugador más alto de los Atlanta Falcons?,1
Which rivers flow into a German lake?,¿Qué ríos desembocan en un lago alemán?,0
How many James Bond movies are there?,¿Cuántas películas de James Bond existen?,1
Which rockets were launched from Baikonur?,¿Qué cohetes han sido lanzados desde Baionur?,1
Which pope succeeded John Paul II?,¿Qué papa fue el sucesor de Juan Pablo II?,0
Give me all Dutch parties.,Dame todos los partidos políticos holandeses,0
When is Halloween?,¿Cuándo es Halloween?,1
Give me all Swedish oceanographers.,Dame todos los oceanógrafos suecos.,0
Give me all actors who were born in Berlin.,Dame todos los actores nacidos en Berlin.,1
What was the last movie with Alec Guinness?,¿Cuál fue la última película con Alec Guinness?,0
Which poet wrote the most books?,¿Que poeta ha escrito el mayor número de libros?,0
How many languages are spoken in Colombia?,¿Cuántos idiomas se hablan en Colombia?,1
What does IYCM stand for?,¿Qué abrevia IYCM?,0
What was Brazil's lowest rank in the FIFA World Ranking?,¿Cuál ha sido la posición de ranking más baja de Brasil en el ranking mundial de la FIFA?,1
Give me the capitals of all countries that the Himalayas run through.,Dame las capitales de todos los países que atraviesa el Himalaya.,1
Which actor played Chewbacca?,¿Qué actor hizo el papel de Chewbacca?,1
Which ingredients do I need for carrot cake?,¿Qué ingredientes son necesarios para una tarta de zanahorias?,0
Is Cola a beverage?,¿La Coca Cola es una bebida?,0
Who has Tom Cruise been married to?,¿Quién ha estado casado con Tom Cruise?,1
Which of Tim Burton's films had the highest budget?,¿Cuál es la película de Tim Burton con el mayor presupuesto?,1
How heavy is Jupiter's lightest moon?,¿Cuánto pesa el satélite más ligero de Júpiter?,1
Which actor was casted in the most movies?,¿Qué actor ha actuado en el mayor número de películas?,1
Is James Bond married?,¿Está James Bond casado?,1
Give me all Australian metalcore bands.,Dame todos los grupos australianos de metalcore.,0
Give me all actors who were born in Paris after 1950.,Dame todos los actores nacidos en Paris después de 1950.,1
When was Carlo Giuliani shot?,¿Cuándo fue disparado Carlo Giuliani?,1
Who are the four youngest MVP basketball players?,¿Cuáles son los cuatro jugadores de baloncesto de categoría MVP más jóvenes?,1
Which companies have more than 1 million employees?,¿Qué empresas tienen mas de 1 millón de empleados?,1
Give all swimmers that were born in Moscow.,Dame todos los nadadores nacidos en Moscú,1
Who was called Rodzilla?,¿Quien se llamaba Rodzilla?,0
Show me the book that Muhammad Ali wrote.,Muéstrame el libro escrito por Muhammad Ali.,1
How many museums does Paris have?,¿Cuantos museos hay en Paris?,1
Which city has the most inhabitants?,¿Que ciudad tiene la mayor población?,0
Which city has the least inhabitants?,¿Que ciudad tiene la menor población?,0
Give me all the TV shows with Neil Patrick Harris.,Dame todos los programas de televisión con Neil Patrick Harris.,0
Who wrote The Hunger Games?,¿Quien escribió Los juegos del hambre?,1
Show a list of soccer clubs that play in the Bundesliga.,Dame una lista de los clubs de futbol que juegan en Bundesliga.,1
What country is Mount Everest in?,¿En que país esta el monte Everest?,1
Who is the founder of Penguin Books?,¿Quien es el fundador de Penguin Books?,1
Which programming languages influenced Javascript?,¿Que lenguajes de programación influenciaron el Javascript?,1
Did Che Guevara have children?,¿Tuvo hijos el Che Guevara?,1
List all the musicals with music by Elton John.,Dame todos los musicales con música de Elton John.,1
Show me all the breweries in Australia.,Muéstrame todas las cervecerías en Australia.,1
When was the Titanic completed?,¿Cuando se completo el Titanic?,0
How much did Pulp Fiction cost?,¿Cuanto costo Pulp Fiction?,1
How many airlines are there?,¿Cuantas líneas aéreas existen?,1
Who played Agent Smith in Matrix?,¿Quien actuó como el agente Smith en Matrix?,0
How much carbs does peanut butter have?,¿Cuantos hidrates de carbono tienen la manteca de cacahuete?,0
Which book has the most pages?,¿Que libro tiene el mayor numero de paginas?,0
Which bridges cross the Seine?,¿Cuantos puentes cruzan el Siena?,0
Who is the mayor of the capital of French Polynesia?,¿Quien es el alcalde de la capital de la Polinesia Francesa?,0
When did Dracula's creator die?,¿Cuando murió el creador de Drácula?,1
What is the location of the Houses of Parliament?,¿Donde están situadas las Casas del Parlamento?,0
Show me all English Gothic buildings in Kent.,Muéstrame todos los edificios góticos en Kent.,0
Who was the pope that founded the Vatican Television?,¿Quien fue el papa que fundo la televisión Vaticana?,0
What airlines are part of the SkyTeam alliance?,¿Qué aerolíneas forman parte del la alianza SkyTeam?,1
"What is the total population of Melbourne, Florida?","¿Cuál es la población total de Melbourne, Florida?",1
Which airports does Air China serve?,¿Qué aeropuertos sirve Air China?,1
In which year was Rachel Stevens born?,¿En que año nació Rachel Stevens?,1
Where was JFK assassinated?,¿Dónde fue JFK asesinado?,1
How many politicians graduated from Columbia University?,¿Cuántos políticos se han graduado en la universidad de Columbia?,1
Which scientist is known for the Manhattan Project and the Nobel Peace Prize?,¿Qué científicos son conocidos por el proyecto Manhattan y el premio Nobel de la Paz?,1
What is the highest volcano in Africa?,¿Cuál es el volcán mas alto en África?,1
Which beer originated in Ireland?,¿Qué cerveza se ha originado en Irlanda?,0
What are the specialities of the UNC Health Care?,¿Cuáles son las especialidades del UNC Health Care?,1
Who is the owner of Facebook?,¿Quién es el dueño de Facebook?,1
From which region is the Melon de Bourgogne?,¿De que región es el vino Melon de Bourgogne?,1
Who was influenced by Socrates?,¿Quién fue influenciado por Socrates?,1
Who was president of Pakistan in 1978?,¿Quién fue el presidente de Pakistán en 1978?,1
Give me English actors starring in Lovesick.,Dame actores Ingleses protagonizando Lovesick.,1
Give me all types of eating disorders.,¿Que tipos hay de trastornos de la alimentación?,0
Who was married to president Chirac?,¿Quién estuvo casado con el presidente Chirac?,0
What is the largest metropolitan area in Washington state?,¿Cuál es el área metropolitana mas larga en el estado de Washington?,1
Where in France is sparkling wine produced?,¿Dónde en Francia se produce el vino espumoso?,1
Where did Hillel Slovak die?,¿Dónde murió Hillel Slovak?,1
What is the timezone in San Pedro de Atacama?,¿Cuál es la zona horaria en San Pedro de Atacama?,1
In which city does the Chile Route 68 end?,¿En que ciudad termina la ruta Chilena 68?,0
Butch Otter is the governor of which U.S. state?,¿De qué estado americano es Butch Otter el gobernador?,0
How tall is Amazon Eve?,¿Cómo de alta es Amazon Eve?,1
Which weapons did Heckler & Koch develop?,¿Qué armas crearon Heckler y Koch?,0
Where is Fort Knox located?,¿Donde se encuentra el Fort Knox?,1
Who created Batman?,¿Quién creó Batman?,1
Which politicians were married to a German?,¿Qué monárcas estaban casados con una persona alemana?,0
When was Jack Wolfskin founded?,¿Cúando se fundó Jack Wolfskin?,0
How deep is Lake Chiemsee?,Cómo de hondo es el Chiemsee?,0
Give me the grandchildren of Elvis Presley.,Dame todos los nietos de Elvis Presley.,1
What does ICRO stand for?,¿Qué abrevia ICRO?,0
When was Olof Palme shot?,¿Cuándo fue disparado Olof Palme?,1
List all the musicals with music by Leonard Bernstein.,Dame todos los musicales con música de Leonard Bernstein.,1
Which airports does Yeti Airlines serve?,¿Qué aeropuertos sirve Yeti Airlines?,1
Give me all ESA astronauts.,Dame todos los astronautas de la ESA.,1
Give me all Swedish holidays.,Dame todos los días festivos en Suecia.,1
Who is the youngest Pulitzer Prize winner?,¿Quien es el premio Pilitzer mas joven?,1
Which animals are critically endangered?,¿Que animales están en peligro de extinción?,0
Which soccer players were born on Malta?,¿Que jugadores de futbol han nacido en Malta?,1
Did Arnold Schwarzenegger attend a university?,¿Fue Arnold Schwarzenegger a la universidad?,1
Which programming languages were influenced by Perl?,¿Qué lenguajes de programación fueron influenciados por el Perl?,1
Is Barack Obama a democrat?,¿Es Barack Obama demócrata?,0
How many children does Eddie Murphy have?,¿Cuántos hijos tiene Eddie Murphy?,1
Who is the oldest child of Meryl Streep?,¿Cuál es el hijo mas mayor de Meryl Streep?,1
Who killed John Lennon?,¿Quién asesino a John Lennon?,1
Which frequent flyer program has the most airlines?,¿Qué programa de viajero frecuente tienen la mayoría de las aerolineas?,0
In which city is Air China headquartered?,¿En que ciudad esta la sede de Air China?,0
Which artists were born on the same date as Rachel Stevens?,¿Qué artistas nacieron en la misma fecha que Rachel Stevens?,1
How many scientists graduated from an Ivy League university?,¿Cuántos científicos se han graduado en un Universidad de la Ivy League?,1
Which types of grapes grow in Oregon?,¿Que tipo de uva crece en Oregon?,1
Who is starring in Spanish movies produced by Benicio del Toro?,¿Quien protagoniza peliculas españolas producidas por Benicio del Toro?,0
Who is the manager of Real Madrid?,¿Quien es el manager de Real Madrid?,1
Give me the currency of China.,¿Cual es la moneda de China?,0
Which movies starring Mickey Rourke were directed by Guy Ritchie?,¿Que peliculas protagonizadas por Mickey Rourke han sido dirigidas por Guy Ritchie?,1
Is Darth Vader Luke’s father?,¿Es Darth Vader el padre de Luke?,1
How many companies were founded by the founder of Facebook?,¿Cuantas compañías han sido fundadas por el fundador de Facebook?,1
How many companies were founded in the same year as Google?,¿Cuántas compañías fueron fundadas en el mismo año que Google?,1
Which subsidiary of TUI Travel serves both Glasgow and Dublin?,¿Qué subsidiario de TUI Travel vuela en Glasgow y en Dublin?,1
How many airlines are members of the Star Alliance?,¿Cuántas compañías son miembros del la Star Alliance?,1
Give me all spacecrafts that flew to Mars.,Dame todas las naves espaciales que han volado a Marte,1
Which musician wrote the most books?,¿Qué músico ha escrito el mayor numero de libros?,1
Show me everyone who was born on Halloween.,Muestrame todas las personas nacidas en Halloween,1
Give me all Swiss non-profit organizations.,Dame todas las organizaciones Suizas sin animo de lucro,1
In which country is Mecca located?,¿En que país se sitúa la Meca?,1
What is the net income of Apple?,¿Cual es la ganancia en neto de Apple?,0
What does the abbreviation FIFA stand for?,¿Qué significa la abreviación FIFA?,1
When did the Ming dynasty dissolve?,¿Cuándo se disolvió la dinastía de Ming?,0
Which museum in New York has the most visitors?,¿Qué museo en Nueva York tiene el mayor numero de visitantes?,0
Is Lake Baikal bigger than the Great Bear Lake?,¿Es el lago Baikal mayor que el lago Great Bear?,0
Desserts from which country contain fish?,¿Los postres de que país contienen pescado?,0
What is the highest mountain in Italy?,¿Cuál es la montaña mas alta en Italia?,0
Where did the architect of the Eiffel Tower study?,¿Dónde estudio el arquitecto de la torre Eiffel?,1
Which Greek parties are pro-European?,¿Qué partidos Griegos están a favor de Europa?,0
What is the height difference between Mount Everest and K2?,¿Cuál es la diferencia de altura entra el Monte Everest y K2?,1
Who is the mayor of Rotterdam?,¿Quién es el alcalde de Rotterdam?,0
In which city were the parents of Che Guevara born?,¿En que ciudad nacieron los padres de Che Guevara?,0
How high is the lighthouse in Colombo?,¿Cómo de alta el faro de Colombo?,0
Are Taiko a kind of Japanese musical instruments?,¿Es el Taiko un tipo de instrumento musical?,0
How many ethnic groups live in Slovenia?,¿Cuántos grupos étnicos viven en Eslovenia?,1
List the seven kings of Rome.,Lista los siete reyes de Roma.,1
Who were the parents of Queen Victoria?,¿Quiénes fueron los padres de la reina Victoria?,0
Who is the heaviest player of the Chicago Bulls?,¿Quien es el jugador mas pesado del los Chicago Bulls?,1
Which volcanos in Japan erupted since 2000?,¿Que volcanos han erupcionado en Japon desde el 2000?,1
Who is the tallest basketball player?,Quien es el jugador de baloncesto mas alto?,1
Who is the host of the BBC Wildlife Specials?,¿Quién es el anfitrión de los especiales de la BBC Wildlife?,0
In what city is the Heineken brewery?,¿En qué ciudad esta la fábrica de cerveza Heineken?,0
When did Operation Overlord commence?,¿Cuándo comenzó la operación Overlord?,1
Who developed Slack?,¿Quien desarrolló Slack?,0
How many seats does the home stadium of FC Porto have?,¿Cuántos asientos tiene el estadio del FC Porto?,1
Who discovered Ceres?,¿Quién descubrió Ceres?,0
What is the largest country in the world?,¿Cuál es el país más grande del mundo?,1
Who is the mayor of Paris?,¿Quién es el alcalde de París?,0
Who is the coach of Ankara's ice hockey team?,¿Quién es el entrenador del equipo de hockey sobre hielo de Ankara?,1
How much did the Lego Movie cost?,¿Cuánto cuesta la película de Lego?,0
Where does Piccadilly start?,¿Dónde empieza Piccadilly?,1
How many people live in Poland?,¿Cuántas personas viven en Polonia?,1
Who created Family Guy?,¿Quién creó Family Guy?,1
Who wrote the song Hotel California?,¿Quién escribió la canción Hotel California?,1
What is in a chocolate chip cookie?,¿Qué contiene una galleta de chocolate?,0
Does Neymar play for Real Madrid?,¿juega Neymar en el Real Madrid?,1
Which computer scientist won an oscar?,¿Qué ingeniero informático ganó un Oscar?,0
Who played Gus Fring in Breaking Bad?,¿Quién interpreto a Gus Fring en Breaking Bad?,0
In which ancient empire could you pay with cocoa beans?,En que imperio antiguo pagaría con granos de cacao?,1
Which electronics companies were founded in Beijing?,¿Qué compañías de electrónica fueron fundadas en Pekín?,1
What is the capital of Cameroon?,¿Cuál es la capital de Camerún?,1
What is Batman's real name?,¿Cuál es el verdadero nombre de Batman?,1
What form of government does Russia have?,¿Qué forma de gobierno tiene Rusia?,1
Which Indian company has the most employees?,¿Qué empresa de la India tiene el mayor número de empleados?,0
What color expresses loyalty?,¿Qué color expresa lealtad?,1
Who is the president of Eritrea?,¿Quién es el presidente de Eritrea?,1
Which films did Stanley Kubrick direct?,¿Qué películas dirigio Stanley Kubrick?,1
Which subsidiary of Lufthansa serves both Dortmund and Berlin Tegel?,¿Qué subsidiario de Lufthansa vuela en Dortmund y en Berlin?,0
Who was the successor of John F. Kennedy?,¿Quién fué el sucesor de John F. Kennedy?,0
Who composed the soundtrack for Cameron's Titanic?,¿Quién compuso la banda sonora del Titanic de Cameron?,0
In which time zone is Rome?,¿En qué zona horaria esta Roma?,0
Who are the developers of DBpedia?,¿Quiénes son los desarrolladores de DBpedia?,1
Who is the king of the Netherlands?,¿Quién es el rey de los Países Bajos?,1
In which city did Nikos Kazantzakis die?,¿En que ciudad murió Nikos Kazantzakis?,0
Give me a list of all critically endangered birds.,Dame una lista de todas las aves en peligro de extinción.,0
Which companies produce hovercrafts?,¿Qué compañías producen aerodeslizadores?,1
Did Elvis Presley have children?,Tuvo hijos Elvis Presley?,1
In which city was the president of Montenegro born?,¿En que ciudad nació el presidente de Montenegro?,0
Which country was Bill Gates born in?,¿En qué país nació Bill Gates?,1
In which countries do people speak Japanese?,¿En qué países se habla japonés?,0
What was the first Queen album?,¿Cuál fue el primer álbum de Queen?,0
What country is Sitecore from?,¿De qué país es Sitecore?,1
Whom did Lance Bass marry?,¿Con quien se casó Lance Bass?,1
Who was Vincent van Gogh inspired by?,¿Quién inspiro a Vincent van Gogh?,1
Who wrote the Game of Thrones theme?,¿Quién escribió el tema del Juego de Tronos?,0
When did Boris Becker end his active career?,¿Cuándo termino Boris Becker su carrera como actor?,1
To which party does the mayor of Paris belong?,¿A qué partido politico pertenece el alcalde de París?,0
Who was the doctoral supervisor of Albert Einstein?,¿Quien es el supervisor de doctorado de Albert Einstein?,1
In which city does Sylvester Stallone live?,¿En qué ciudad vive Sylvester Stallone?,0
Who is the son of Sonny and Cher?,¿Quién es el hijo de Sonny y Cher?,0
In which city are the headquarters of the United Nations?,¿En qué ciudad se encuentra la sede de las Naciones Unidas?,0
Show me Hemingway's autobiography.,Muéstrame la autobiografía Hemingway.,1
Did Kaurismäki ever win the Grand Prix at Cannes?,¿Gano Kaurismäki alguna vez el Gran Prix de Cannes?,0
Where is Syngman Rhee buried?,¿Dónde está enterrado Syngman Rhee?,1
Show me all books in Asimov's Foundation series.,Muéstrame todos los libros en la serie Fundación de Asimov,0
How high is the Yokohama Marine Tower?,¿Cómo de alta el la torre Yokohama Marine?,0
Does the new Battlestar Galactica series have more episodes than the old one?,¿Tiene la nueve serie de Battlestar-Galactica más episodios que la anterior?,0
What is the biggest stadium in Spain?,¿Cuál es el estadio más grande de España?,1
Which professional surfers were born on the Philippines?,¿Qué surfistas profesionales nacieron en las Filipinas?,1
What are the five boroughs of New York?,¿Cuáles son los cinco condados de Nueva York?,1
When did princess Diana die?,¿Cuándo murió la princesa Diana?,0
Are there any castles in the United States?,,0
Can you find frescoes in Crete?,,0
Do Urdu and Persian have a common root?,,0
Does the Ford Motor Company have a manufacturing plant in Malaysia?,,0
How many years was the Ford Model T manufactured?,,0
Give me all gangsters from the prohibition era.,,0
Give me all Seven Wonders of the Ancient World.,,0
Give me all chemical elements.,,0
How many rivers and lakes are in South Carolina?,,0
How many states are in Mexico?,,0
How many theories did Albert Einstein come up with?,,0
Is horse racing a sport?,,0
Is Pluto really a planet?,,0
Was Sigmund Freud married?,,0
What form of government is found in South Africa?,,0
What is the largest state in the United States?,,0
What is the longest river in the world?,,0
Which building after the Burj Khalifa has the most floors?,,0
What is the wavelength of indigo?,,0
What was the name of the famous battle in 1836 in San Antonio?,,0
What were the names of the three ships used by Columbus?,,0
When did Muhammad die?,,0
When was the De Beers company founded?,,0
When was John Adams born?,,0
Which American presidents were in office during the Vietnam War?,,0
Which city has the oldest running metro?,,0
Which holidays are celebrated around the world?,,0
Who assassinated President McKinley?,,0
Who discovered Pluto?,,0
Who killed Caesar?,,0
Who was buried in the Great Pyramid of Giza?,,0
Who was the first King of England?,,0
What was the final result of the War of the Roses?,,0
Who writes the Farmers' Almanac?,,0
How big is the earth's diameter?,,0
How many people live in Eurasia?,,0
Give me the runtime of Toy Story.,,0
What was the first name of the band Queens of the Stone Age?,,0
Give me the birth place of Frank Sinatra.,,0
Which university did Angela Merkel attend?,,0
List all boardgames by GMT.,Lista todas juegos de mesa por GMT.,0
Who developed Skype?,Quien desarrollado Skype? ,1
Which people were born in Heraklion?,Cual gente fueron nacido en Heraklion?,1
In which U.S. state is Area 51 located?,En cual Nosotros estado es Zona 51 ¿situado? ,0
Where did Abraham Lincoln die?,Dónde hizo Abrahán Lincoln el?,0
Give me all actors starring in movies directed by and starring William Shatner.,Dame todos los actores de películas dirigidas por William Shatner en las qué también haya actúado el mismo.,1
Which movies starring Brad Pitt were directed by Guy Ritchie?,¿Que peliculas protagonizadas por Brad Pitt han sido dirigidas por Guy Ritchie?,1
Give me the Apollo 14 astronauts.,Dame todos los astronautas de Apolo 14?,1
Who wrote the book The pillars of the Earth?,Quien escribió el libro los pilares de el ¿Tierra?,0
Which state of the United States of America has the highest density?,Cual estado de el Unido Estados de America tiene el más alto ¿densidad?,0
Which spaceflights were launched from Baikonur?,¿Qué misiones espaciales partieron desde Baionur?,0
Give me a list of all trumpet players that were bandleaders.,Dame una lista de todos los trompeteros que fueron líderes de un grupo.,0
Which U.S. states are in the same timezone as Utah?,¿Qué estados americanos se encuentran en la misma zona que Utah?,0
Show me all museums in London.,Muéstrame todos los museos en Londres,1
Show me all basketball players that are higher than 2 meters.,Muéstrame todos los jugadores de baloncesto que tienes mas de 2 metros de altura,1
What movies does Jesse Eisenberg play in?,¿En qué películas participa Jesse Eisenberg?,1
What kind of music did Lou Reed play?,¿Qué tipo de música tocaba Lou Reed?,1
Where do the Red Sox play?,¿Dónde juegan los Red Sox?,1
How many movies did Park Chan-wook direct?,¿Cuántas películas dirigió Park Chan-wook?,1
Which movies star both Liz Taylor and Richard Burton?,¿Qué películas protagonizan juntos Liz Taylor y Richard Burton?,1
Which writers studied in Istanbul?,¿Que escritores estudiaron en Estambul?,1
What other books have been written by the author of The Fault in Our Stars?,Qué otro libros tener estado escrito por el autor de los Culpa en Nuestra ¿Estrellas?,0
What is the smallest city by area in Germany?,Qué es el pequeñísimo ciudad por zona en ¿Alemania?,0
What is the largest city in america?,Qué es el más grande ciudad en ¿America?,0
What is the alma mater of the chancellor of Germany Angela Merkel?,Qué es el alma mater de el canciller de Alemania Angela Merkel?,0
Where is the birthplace of Goethe?,Dónde es el lugar de nacimiento de ¿Goethe?,1
What is the highest mountain in Saxony Germany?,Qué es el más alto montaña en Sajonia ¿Alemania?,0
Who is the current federal minister of finance in Germany?,Quien es el corriente federal ministro de financiar en ¿Alemania?,0
In which state Penn State University is located?,En cual estado Penn Estado Universidad es ¿situado?,0
How large is the area of UK?,Cómo grande es el zona de ¿REINO UNIDO?,1
how much is the elevation of Düsseldorf Airport ?,cómo mucho es el elevación de Düsseldorf Aeropuerto ?,0
How much is the population of mexico city ?,Cómo mucho es el población de Méjico ciudad ?,0
when was the founding date of french fifth republic?,cuando estaba el establecimiento fecha de francés quinto ¿república?,0
When was the last episode of the TV series Friends aired?,Cuando estaba el último episodio de el televisión serie Amigos aireado?,0
Who is 8th president of US?,Quien es Octavo presidente de ¿NOS?,0
how much is the total population of  european union?,cómo mucho es el total población de europeo ¿Unión?,0
What is the birth name of Adele?,Qué es el nacimiento nombre de Adele?,1
What is the population of Cairo?,Qué es el población de ¿El Cairo? ,1
What is the last work of Dan Brown?,Qué es el último trabajo de Y ¿Marrón? ,0
Where is Sungkyunkwan University?,Dónde es Sungkyunkwan ¿Universidad? ,0
Who is the author of the interpretation of dreams?,Quien es el autor de el interpretación de ¿Sueños? ,0
When was the death  of  Shakespeare?,Cuando estaba el muerte de Shakespeare? ,1
Where is the origin of Carolina reaper?,Dónde es el origen de Carolina ¿segador? ,0
Which species does an elephant belong?,Cual especies hace un elefante ¿pertenecer a? ,0
With how many countries Iran has borders?,Con cómo muchos países Corrí tiene fronteras? ,0
how big is the total area of North Rhine- Westphalia?,cómo grande es el total zona de norte Rhine- Westfalia? ,0
What is Donald Trump's main business?,Qué es Donald Trump principal ¿negocio? ,1
When will start the final match of the football world cup 2018?,Cuando será comienzo el final partido de el fútbol mundo vaso 2018? ,1
how much is the population  Iraq?,cómo mucho es el población ¿Irak? ,1
how much is the population densty rank of germany?,cómo mucho es el población densidad rango de ¿Alemania? ,0
Who are the writers of the Wall album of Pink Floyd?,Quien son el escritores de el pared álbum de Rosado Floyd?,0
